Raymond,Jordan,fu@sechem.gg,20/8/1982
Gregory,Boyd,bu@ahma.bq,10/11/1984
Leon,Johnston,egekiwto@duz.pf,13/6/1977
Mae,Osborne,tacgih@karsocot.jp,21/8/1982
Charlotte,Brooks,pasvitot@wejcab.at,23/10/1973
Gabriel,Medina,nal@iprew.ch,2/8/1970
Alex,Stanley,zu@bukfuv.az,2/7/1987
Troy,Wagner,kevara@adiufwif.au,13/3/1978
Esther,Farmer,ih@vocem.va,11/10/1991
Louise,Morales,bemu@sahpoupo.bt,8/10/1975
Lois,Herrera,viz@jeib.pl,28/6/1973
Lucy,Sullivan,sifluhek@co.ug,7/11/1989
Marguerite,Nash,gamdulej@cu.de,19/11/1963
Anthony,Dean,tahwof@zuk.la,22/3/1975
Marc,Ramsey,uze@bababaeke.lc,24/12/1974
Norman,Becker,laccopom@pi.tn,11/2/1992
Eugenia,Tyler,oge@turpoz.uz,5/9/1957
Alberta,Hubbard,rofsuuga@lug.tc,1/12/1993
Jeremy,Delgado,re@gow.tc,9/3/1961
Minnie,Richardson,fafeku@mareop.cz,6/7/1968
Leila,Ramsey,lugahpa@cufar.mu,20/2/1970
Carrie,Gross,suec@gurziper.im,5/1/1961
Gary,Torres,soeg@aro.edu,28/5/1984
Katherine,Lamb,jerzokwul@gipoc.py,2/10/1983
Robert,Moody,luna@pajow.np,15/2/1967
Ola,Lewis,jazof@goeb.uk,15/11/1966
Bryan,Lowe,hotifak@kurba.lv,6/1/1986
Estella,Wood,sibir@cuz.uz,11/11/1987
Elnora,Wilson,milawac@nop.sn,13/8/1968
Donald,Simpson,ande@agleg.vu,24/6/1976
Russell,Gross,nozcasih@nus.mm,20/8/1965
Elsie,Clark,unipi@ko.ro,29/6/1984
Daniel,Gordon,dikahahan@honfi.in,26/9/1964
Cornelia,Little,si@ru.ie,17/3/1960
Phillip,Burns,nusihize@vem.ir,6/6/1997
Andrew,Dunn,ciceziv@uzwija.fm,3/5/1962
Jared,Burns,wuc@rohzom.cz,28/3/1961
Travis,Anderson,jalriwuva@ilgen.tt,8/7/1986
Justin,Vasquez,upuro@ruznorob.sb,10/8/1958
Joe,Dean,tuv@nicim.su,3/6/1963
Iva,Bush,vusegeg@ju.pf,18/4/1998
Charlotte,Bowers,ka@ocazat.cv,21/8/1976
Carl,Jackson,ka@coogmo.sa,23/2/1997
Jay,Rhodes,cip@botvirwuv.fj,28/5/1966
Vernon,Gutierrez,puwusri@calmab.ng,27/9/1997
Kathryn,Flowers,gizepiz@ovsikwoz.lr,2/4/1992
Elmer,Martinez,jusimfiv@va.bq,1/6/1988
Cameron,Rhodes,tinufa@kuoc.aw,21/1/1970
Leon,McCarthy,orjuser@hurso.as,30/8/2002
Jack,Wilson,dad@ovjine.gs,23/4/1998
Patrick,Morgan,pufaewu@zipvel.nl,7/2/2000
Cora,Logan,heateve@iwapad.us,28/4/1985
Nina,Delgado,bilbub@cuire.hr,22/5/1957
Aiden,Wood,cet@boh.af,16/4/1994
Ollie,Diaz,si@puoczuf.nc,31/3/1993
Christian,Todd,tuwziba@wo.gw,29/3/1988
Eleanor,Freeman,udvowle@egeve.lc,1/11/1978
Caleb,Allen,rew@pab.aw,17/6/1993
Mamie,Cortez,tuhora@rur.tg,22/2/1981
Stella,Todd,naborri@lo.com,9/6/1968
Alfred,Campbell,vezejje@bagesooca.ug,30/3/1980
Pearl,Garner,ragipcan@ih.co,13/1/1972
Lina,Watson,bempirsed@um.td,24/4/2003
Barbara,Hoffman,behilra@ihobef.yt,16/5/1984
Blake,Fitzgerald,guomvij@baziwkoz.vc,15/3/1957
Luke,Roberts,zur@hip.ge,12/2/1974
Adrian,Watson,tozteafe@wuzne.ma,25/11/1994
Leo,Freeman,dozep@ematedo.bv,27/11/1993
Elnora,Harmon,be@ini.co.uk,4/10/1974
Leona,Salazar,lun@fuffu.ca,2/6/1979
Cornelia,Manning,adosoka@elmij.tw,25/6/1992
Gussie,Norton,om@affemaw.cm,15/6/1991
Mark,Bennett,zi@saj.id,22/5/1990
Lester,Lewis,cuk@cejunti.ru,17/10/1975
Tyler,Burke,seuwe@vekofaj.cd,29/12/1971
Amanda,Bailey,ob@vahevun.sj,17/2/2001
Adrian,Moreno,opzum@gono.gov,28/4/1984
Steven,Barrett,peis@tun.za,5/7/1970
Jeremiah,George,ulu@rer.bb,4/2/1956
Frank,Nichols,cukim@fetuv.hk,7/1/2003
Sally,Hicks,kod@cuzbojed.ca,2/1/1964
Dustin,Carlson,havuma@raj.zm,29/10/2002
Rosie,Owen,puhvod@buetu.dz,23/12/1996
Zachary,Moss,pu@vu.gw,28/12/1981
Leah,Shaw,fouweja@vo.am,13/1/1983
Marvin,Clayton,ke@ta.bg,8/3/1991
Ola,Norris,pemhuesu@loag.cc,31/12/1972
Katie,Mendez,ciat@mogubi.vg,2/2/1980
Gilbert,Casey,wojirtec@zufusaipi.ba,9/4/1982
Chad,Massey,povil@be.ar,13/2/1969
Mitchell,Myers,velpe@upijiz.fj,19/10/2003
Myrtle,Williams,uvoakde@wier.ws,1/7/1973
Noah,Roberts,suv@okiwu.mv,17/8/1978
Allie,Robbins,dev@pomeofa.mk,5/4/1981
Marion,Lane,su@butoci.gq,9/3/1975
Christian,Brady,zo@ga.bv,13/3/1956
Glenn,Hubbard,bizze@siawibi.sc,6/12/1959
Rena,Howell,juopkon@oza.mu,7/5/1979
Johnny,McLaughlin,rorci@vaov.lv,10/3/1962
Maud,Fields,fahfello@vilhegojo.fm,5/5/1969
Ralph,Pearson,leg@lughitu.au,9/9/1994
Anne,Davidson,daw@teno.us,16/2/1998
Ophelia,Stewart,sakwoz@ipumu.ss,18/1/1988
Della,Barnett,oj@wub.pf,6/7/1963
Joseph,Hoffman,pejke@huvmuvji.kz,24/11/1966
Roxie,Phelps,piif@atokaiv.dj,21/5/1987
Jeffery,Lewis,manil@gohdifu.gt,14/10/2003
Robert,Becker,fokvog@udina.al,12/11/1958
Christopher,Moody,ojorufi@jilef.net,31/12/1959
Sara,George,hef@wagewal.pa,12/9/1981
Douglas,Farmer,omeec@unamabpib.jo,12/5/1977
May,Marsh,ku@buv.ls,30/3/1965
Irene,Sherman,eha@gusoc.es,14/4/1958
Hannah,Harrington,zuwalu@wesumivi.ug,3/3/1975
Gertrude,Burgess,izehufiga@ifa.hn,24/3/1983
Etta,Gonzales,sifgohkej@erzo.py,10/6/1969
Peter,Stokes,nikes@foiv.ci,9/9/1994
Nina,Wagner,bebewu@av.tj,1/2/1970
Derek,Watson,fudot@bujetvuk.kw,3/7/1976
Caleb,Warren,joszojaja@ri.si,8/9/1987
Henry,Lawson,zutekemo@ducub.kn,19/11/1961
Derek,Lloyd,rurewim@uw.us,29/6/1960
Charlie,Rodriquez,wavif@esa.ac,27/3/1986
Ethan,Ford,agwigkoh@rira.tp,25/6/1977
Lilly,Little,bataf@ne.is,18/8/1983
Marc,Carlson,jipetulos@ikopibu.sk,5/9/1998
Irene,Lindsey,oko@sa.pk,21/7/2001
Harvey,Gonzalez,butadbo@gacpu.md,28/1/1972
Edwin,Wheeler,ureco@rikid.gm,13/10/1957
Josie,Underwood,feuk@zuhe.kp,16/2/1969
Alberta,Simpson,kugpuhoda@kuli.si,5/2/1985
Cornelia,Brewer,cabicebap@ganfiki.do,21/10/1963
Frank,Porter,zel@apdipuc.mr,19/9/1977
Ray,Wagner,rutaozo@mewpuske.ni,11/2/1968
Billy,Wilkerson,ji@ze.bv,3/7/1982
Travis,Burton,munof@wackir.lr,25/2/1966
Ollie,Howard,odegido@ric.tn,2/11/1978
Jon,Reed,zaj@ujopo.kw,10/11/1965
John,Price,kov@ufa.cd,12/9/1975
Curtis,Todd,huk@wowuav.lr,23/12/1995
Johnny,Hopkins,racekzo@nurujgec.gd,12/2/1997
Dora,Hanson,erihukis@pigpa.sn,8/1/1969
Mollie,Nichols,lal@sec.gov,27/9/1966
Hannah,Allison,golatdoz@jaidaka.kp,28/9/1991
Clara,Bryant,gor@nosfar.tj,20/2/1984
Terry,Mendez,pevuhe@pimsaza.kr,14/10/1965
Ricky,Valdez,raupe@leta.cm,9/1/1957
Hannah,Henderson,pugu@ohi.nu,20/6/1968
Chris,Cain,tafbi@cipu.jo,7/5/1981
Harriet,Neal,res@juv.py,9/1/1994
Chase,Malone,otni@dir.tz,10/9/1959
Corey,McDonald,wev@hemuc.fk,10/9/1974
Bobby,Mitchell,cu@wuzi.rs,3/1/1990
Adam,Graham,wamfo@sevfasub.ir,13/7/1972
Victor,Harrington,nodindo@nuubeob.am,3/3/1958
Georgie,Webb,gika@aweem.ph,16/2/1994
Minerva,Malone,oj@bic.gn,8/3/1972
Eddie,Reed,betilnet@wovulal.kr,23/2/1976
Lillie,Wade,kajvil@ducmo.ng,10/9/1959
Cody,Houston,rogobov@vuj.cn,28/7/1984
Leo,Bailey,dof@ir.tf,11/2/1956
Mittie,Ball,dozkeplu@nutu.mo,30/12/1979
Alvin,Wilkerson,ucipukla@wir.gf,2/4/1964
Hunter,Price,jaiduzot@seppeg.ai,20/5/1994
Cynthia,Luna,ku@cu.cd,31/10/1966
Rosetta,Wolfe,li@kas.fj,6/7/1988
Sue,Stevens,jezno@gotiwi.li,13/5/1963
Joel,Keller,unimogut@bojle.cr,28/4/1959
Marion,Horton,isidecce@jihaw.mv,12/2/1959
Brian,Tran,wun@bikimfi.mp,18/6/1966
Patrick,Hogan,tot@te.de,3/8/1970
Russell,Mack,raf@zujos.mk,7/2/2001
Brent,Carr,bop@id.gw,2/8/1976
Nora,Hall,nod@otunuite.rs,24/10/1977
Myrtie,Hogan,unewidciz@ugke.ba,2/6/1989
Delia,Holmes,bo@kawenpo.id,1/7/1957
Cole,Joseph,ugenume@ob.nu,21/11/1967
Katherine,Snyder,gar@fic.gf,5/11/1988
Tommy,Austin,vos@guw.bz,28/4/1963
Mario,Warner,maam@viez.np,31/12/1967
Jim,Love,vajan@nivo.bs,6/10/1991
Mabel,McCoy,ovifacta@pafca.ke,1/2/1978
Amy,Harmon,wup@vibfi.lr,7/6/1988
Ricky,Romero,leveki@debheef.cn,14/10/1969
Eliza,Bailey,ehnu@beljo.uy,21/8/1985
Nathaniel,Vasquez,ura@wervo.hm,24/12/1962
Helena,Harrison,rotnilcap@bupus.re,16/8/1962
Melvin,Lynch,erecov@henwel.mk,28/1/1985
Lillian,Drake,pibgi@folirezak.dk,21/10/1975
Adelaide,Hogan,sib@renjirpiw.gov,22/6/1996
Essie,Oliver,dawul@robi.et,10/11/1987
Josephine,Lucas,miad@vilrilez.bj,8/6/1987
Milton,Moss,ordoc@ja.ws,23/8/1998
Sophia,Nunez,kadi@kumepodeg.fk,15/6/1962
Margaret,Pope,ro@ra.vu,5/3/1996
Gertrude,Ruiz,marlib@jam.as,30/3/1965
Harry,Aguilar,ar@na.sc,9/9/1987
Anne,Olson,hebseg@fuwjoc.cf,5/9/1970
Mattie,Higgins,bapza@uk.gg,13/4/1988
Nancy,Oliver,fomwawpu@zopi.io,7/5/2003
Amy,Gilbert,bedhilo@du.md,11/1/1968
Gabriel,Vasquez,if@oj.bv,23/4/1961
Lela,Sanders,jiodecic@zesla.ck,19/8/1967
Floyd,Martin,hehehav@luhwa.io,24/7/1989
Jean,Schneider,kuplubju@nugdiuf.ga,30/11/1994
Amelia,Day,si@pacuwos.np,11/6/1998
Jonathan,Fernandez,bitade@cedi.sd,24/9/1979
Lily,Parsons,ito@jepvizrus.ls,17/6/1972
Iva,Parker,popdalo@jojiz.sv,22/8/1986
Tillie,King,pi@docjeasu.sb,4/8/2000
Harriet,Estrada,ci@duftuc.sl,22/12/1973
Chase,McDonald,aflig@lis.bf,4/9/1996
Dora,Taylor,pepo@cahhoh.al,23/2/1966
Lena,Page,sar@buldu.bh,28/12/1979
Ivan,Hamilton,ejmara@ulu.no,31/5/1986
Emma,Edwards,ejadunem@ri.re,19/6/1962
David,Dawson,pimzicom@jav.qa,25/5/1979
Edith,Goodwin,jaiwlo@mosod.ua,4/4/1956
Effie,Adkins,av@uvu.lv,9/9/1984
Nell,Lucas,adi@igi.ir,6/11/1972
Gene,Hill,bofok@be.io,9/4/1966
Travis,Peters,jib@dikubbev.nu,10/1/1962
Danny,Griffin,hosir@vilhuw.sj,6/12/1989
Dorothy,Glover,emecuskat@fuszu.rw,5/9/1957
Abbie,Fox,powpula@wukinbus.gy,30/6/1975
Franklin,Anderson,tujufu@apfuki.mr,6/1/1958
Etta,Gibbs,ape@jisetap.ki,25/9/1974
Charles,Willis,zucuz@sudic.bf,15/5/1996
Isabelle,Price,bam@suj.tc,22/10/1998
Lucas,Richards,favvocpij@eludleh.ht,11/9/1965
Francis,Brown,wiwuza@ezopagfo.ir,4/8/1988
Tyler,Snyder,fubi@odolo.no,29/9/1957
Harry,Vaughn,kaem@tuikga.mk,18/8/1973
Eliza,Summers,tiuc@celdetbe.co.uk,11/1/1965
Alice,Dean,co@ifru.org,27/1/1997
Glen,Thornton,duzturom@lothes.cf,7/11/1993
Edna,Hogan,salsi@fuofe.mz,5/2/1990
Chris,Fuller,kel@medeh.io,9/3/1997
Phillip,Baker,il@usurilta.tt,11/12/1985
Lola,Smith,zuz@nehi.as,25/11/1965
Jeffrey,Hill,nituw@febear.ai,23/2/1977
Tommy,Stephens,ki@su.km,15/3/1998
Leroy,Harris,laug@tauj.tk,10/11/1970
Francis,Bridges,hadjehmi@wi.mz,14/11/1988
Rena,Harper,uropud@oro.al,16/2/1978
Anthony,Lindsey,zezoza@mujud.kn,13/12/1970
Helen,Saunders,pabdutjo@tuz.gs,28/3/1965
Edna,Watts,nadheh@coget.ws,29/4/1966
Juan,Harmon,susnibpa@dooli.ml,21/6/1960
Verna,Hudson,ce@ce.py,30/1/1961
Caleb,Freeman,toc@jonzipi.sg,31/12/1967
Stephen,Pierce,hoguri@naberu.pk,9/12/1998
Charles,Ellis,giser@ijegola.cu,18/2/1995
Sophia,Simpson,gif@udabeh.om,6/9/1962
Don,Miles,owirup@riwsoasa.ir,2/10/1958
Anthony,Wilkins,bebvezote@falej.bz,19/2/1964
Luella,Nguyen,iha@am.eh,10/7/1998
Herbert,Santiago,gatil@toguktob.tn,19/9/1965
Catherine,Allison,gujev@ju.bi,4/4/1965
Ann,Wilkerson,agjon@dalmodpa.ac,15/4/1977
Cora,McDonald,hehavo@lov.gd,13/6/1987
Franklin,Lamb,ob@fujwasu.au,12/8/1993
Patrick,Bass,lijfiscav@ipku.ws,15/11/2003
Emily,Bowers,lujkinag@sohneg.tf,12/8/1988
Dora,Perez,hafap@bolneuso.al,30/9/1974
Jon,Christensen,kermeddos@gi.tm,24/9/1991
Nathaniel,Manning,kukes@od.sn,25/2/1985
Belle,Riley,tobtej@do.af,8/2/1986
Cameron,Gonzales,rarsicede@padeg.sr,4/10/1982
Isaac,Grant,kujcozbaj@wum.kp,30/9/1997
Stella,Fletcher,hupril@ezu.il,3/3/1968
Raymond,Thomas,can@guosi.nl,16/3/1960
Justin,Green,irzu@ferugvaw.mu,21/3/1972
Virgie,Rogers,zos@po.hn,18/4/1964
Mildred,Wright,neca@nogeb.tp,20/12/1962
Edith,Hodges,jusik@togpan.bw,4/2/1966
Landon,Lewis,demiszod@ki.ge,24/2/1966
Roger,Powell,hivu@taru.pn,4/2/1977
Dennis,Robbins,taduba@epgica.sg,10/7/1988
Isaac,Hamilton,petoli@zok.nf,19/12/2000
Martin,Richardson,nomdi@jeturtuz.bi,16/2/1961
Ina,Christensen,ziem@gar.cg,8/9/1961
Jack,Little,pokzu@zofe.uy,1/12/1975
Evelyn,Rodgers,saf@nonzitik.bb,11/4/1971
Paul,Chambers,lub@rishapde.il,7/7/1991
Marie,Norton,jumhemfoz@goewciz.cg,15/11/1959
William,Cohen,ube@omu.ni,15/11/2002
Flora,Morgan,ni@par.id,18/9/2001
Lester,Mitchell,oga@wid.ch,6/3/1998
Lucile,Phelps,silveg@tuf.lv,29/10/2001
Nettie,Haynes,tothe@edenupot.lb,6/7/1987
Evelyn,Glover,aken@liw.td,11/6/1990
Charles,Hammond,welhojon@biliz.fr,13/4/1983
Mary,Ferguson,lucuaz@vebez.io,14/1/1968
Katherine,Estrada,lovo@varsimo.ai,4/6/1992
Lulu,Clayton,vifbosaf@ba.fk,22/2/1993
Corey,Woods,owanotupo@fa.ml,17/6/1967
Sallie,Klein,jaktadsa@rarmevic.bf,24/3/1974
Don,Obrien,tidi@tat.my,16/7/1976
Ann,Morton,sanho@tutun.ao,1/7/1962
Mina,Craig,pe@agifu.om,23/4/1957
Roxie,Rose,me@vur.ye,29/6/1989
Elizabeth,Abbott,pud@tuc.kn,29/6/1992
Abbie,Tucker,sofer@hubwakru.as,23/2/1965
Isabella,Hampton,de@defa.za,19/8/1958
Lucy,Hodges,egizec@du.th,30/5/1982
Joe,Tyler,rehlitpo@gim.se,25/7/1978
Jeff,Poole,vifze@gogvi.com,13/11/1982
Henrietta,Ray,joik@hacmah.ml,12/7/2001
Stephen,Schmidt,coze@atrinu.am,30/8/1992
Eula,Sullivan,ceneode@lo.md,26/10/2002
Lucile,Brady,bem@nibas.ws,8/5/1995
Eliza,Wagner,mokhok@idlecifo.com,11/4/2001
Florence,Scott,rizhoned@su.io,15/2/1997
Francis,Murphy,bobgal@agrudhoc.af,6/8/1997
Craig,Boyd,zi@goh.bb,5/9/1964
Janie,Ballard,dedge@bicuvga.lt,12/4/1982
Evelyn,Haynes,vesespom@joj.sy,16/12/1978
David,Andrews,zicjojkab@epialha.ao,4/1/1984
Jeanette,Gibbs,bi@oci.gp,27/11/1997
Alejandro,Bates,saha@abu.ge,25/5/1989
Amelia,Salazar,nadzudun@onniena.kz,21/4/1983
Susan,Bush,wiw@mosmisej.an,25/6/1967
Austin,Brooks,an@bes.bz,20/11/1960
Bettie,Barker,popgipe@tunat.ps,16/5/1991
Mathilda,Walters,pomepog@geobu.nu,4/1/1973
Iva,Reynolds,vejsi@ba.tm,10/3/1961
Della,Fitzgerald,ivomazot@fa.to,13/11/1994
Raymond,Robinson,bej@fo.eu,20/7/1960
Gavin,Pierce,sorkooca@navmilez.su,15/5/1975
Theodore,Olson,ah@ifamo.kw,16/7/1988
Lizzie,George,dur@ras.gl,20/7/1975
Donald,Brown,wim@vici.hr,7/1/1964
Adelaide,Medina,wubovto@domvumwu.lt,11/9/1992
Gertrude,French,fudjoec@tuvfil.tw,9/10/1990
Seth,Hernandez,ucipikiz@hawogob.zm,10/2/1988
Jennie,Maldonado,sukve@jokro.pg,11/10/1996
Luke,Shelton,uhe@kerif.gf,28/9/1970
Philip,Henderson,van@vuol.eh,12/2/1976
Alfred,Mills,kej@ni.fj,22/7/1989
Ella,Flowers,gooz@hopretvu.jm,16/12/1992
Maude,Sandoval,nasusev@waej.sj,13/2/1989
Barbara,Osborne,mimiti@hehozan.it,10/10/1972
Myra,Marsh,sehwe@mig.pe,20/10/1986
Martin,Simpson,iw@gasup.rs,21/12/1982
Ada,Nunez,abubuk@ojtolle.tf,23/12/1970
Harvey,Horton,measiva@ordim.tv,21/11/1997
Leon,Martin,so@nucdebe.md,21/11/1973
Hulda,Flowers,vu@wekoh.eg,7/6/1957
Hilda,Turner,rordatim@redonre.bt,14/1/1980
Claudia,Floyd,zaepioj@buben.ve,17/6/1989
Leona,Tate,fe@rebil.de,2/1/1975
Clara,Dennis,racike@ri.cd,4/1/2002
Herbert,Romero,jooku@pum.mx,25/1/2003
Brent,Nguyen,kel@ikmuc.aw,4/1/1977
Rodney,Schneider,fajko@valog.bz,24/9/2000
Mae,Gibson,fowdi@oribepu.de,12/4/1983
Edna,Lopez,ahuove@nul.mv,8/5/1966
Olivia,Jenkins,el@fugut.jo,25/10/1977
Dollie,Sutton,li@azkov.al,1/11/1994
Evelyn,Vega,har@vuse.ec,25/5/1986
Cody,Walsh,pugipcof@gazifo.bs,1/6/1964
Isaiah,Summers,alfu@ezifim.er,3/10/1986
Jerry,Reid,selo@tokonaw.us,21/5/1981
Edgar,Webb,lis@gi.tn,3/10/1970
Luke,Barrett,napzi@bacit.eg,30/7/1967
Micheal,Rose,jowa@mobfam.ug,16/5/1976
Roger,Johnston,zojuw@vuem.za,19/5/1986
Verna,Patterson,neranono@ozawuw.nz,16/12/1989
Darrell,Green,cuvfeb@nif.gr,14/5/1983
Elijah,Richards,dutowiga@kib.ar,29/1/1974
Arthur,Richardson,latitaki@epuco.bd,25/10/1978
Adam,Bates,ma@hodot.so,25/3/1983
David,Jenkins,nifer@nevadvoc.lu,16/4/1996
Jayden,Perry,nifojoewi@owi.al,13/4/2002
Lydia,Harper,kun@li.cz,21/9/1988
Garrett,Crawford,bocjujar@acgif.jo,20/4/1976
Martha,Schmidt,nomre@wowuc.cg,27/4/1995
Dennis,Watson,widfilpub@pig.am,7/3/2003
Lilly,Jennings,gurid@bovezo.mo,22/11/1985
Minnie,Carlson,iposozo@solivus.kg,4/9/2000
Steven,Greene,vaemo@mo.uk,24/6/1971
Eddie,Zimmerman,kob@ucusun.gi,14/12/1981
Eva,Moreno,ju@wisfu.sy,9/12/1978
Duane,King,golfubco@fov.az,14/10/1977
Willie,Miller,nupike@amuifse.cu,11/7/1993
Grace,Stephens,rer@zawi.th,7/5/1985
Connor,Jefferson,ditwe@hut.ml,22/2/1996
Aaron,Colon,la@cew.vn,13/7/1997
Elijah,Cox,onumasva@ogvoep.tz,10/11/1994
Vera,Garner,ezueviab@robjebce.tm,24/1/1995
Bernice,Cobb,iwocek@honviah.ir,6/8/1977
Rosalie,Sanders,hus@ovo.si,24/8/1977
Troy,Francis,rovdohji@biza.kh,10/2/1989
Norman,Lloyd,bow@jaje.kz,27/1/1967
Jean,Mullins,ud@mah.pr,22/2/1969
Hettie,Kelly,tuj@wofar.ci,5/11/1959
Lois,Scott,gacmahsir@ceumcek.ms,6/3/1982
Eric,Mullins,ji@uhuodlun.pw,7/9/2003
Lina,Weaver,gaow@tij.bb,19/4/1992
Lucille,Black,jenwo@emadevjug.it,18/10/1983
Douglas,Jacobs,ug@ru.ph,19/3/1973
Marvin,Watts,ena@olegik.st,25/11/1959
Warren,Boyd,riretu@con.kz,6/9/1964
Kevin,Hansen,udibo@biji.ng,18/1/1993
Brent,Jones,jog@gi.et,17/11/1991
Kenneth,Holt,ojeahe@toh.hr,11/6/1984
Frederick,Waters,densud@kupo.ro,10/3/1958
Minnie,Mendez,ro@he.ht,20/7/1961
Harry,Johnston,cewirfif@engat.io,19/9/1961
Jimmy,Hodges,mopzook@wif.bg,10/8/1992
Shane,Knight,haba@bilzibtig.jp,18/1/1997
Bruce,Cain,bejho@dut.sv,12/12/1970
Clara,Beck,heah@ivcam.tj,18/6/1961
Rosetta,Lane,nowutubo@jib.ee,22/11/1981
Lillian,Campbell,ew@zuijo.la,1/6/1989
Francis,Hart,mivug@cakkup.sx,18/3/1991
Marian,Byrd,gofpowo@felakdij.fm,23/9/1984
Rodney,Simpson,hagpil@ruli.gy,23/4/1976
Irene,Dean,begecuh@jehesban.is,16/6/1987
Larry,Paul,jazbozaj@rul.il,26/8/1978
Leroy,Cobb,lejegoom@kubahge.ng,4/5/1974
Teresa,Butler,dil@sumu.tt,6/4/1984
Vernon,Fields,hizra@bewhillas.hm,6/2/2001
Dorothy,Rice,sunud@bipzu.bv,27/3/1996
Ruth,Gutierrez,hal@papfe.tg,4/6/1957
Randy,Smith,rokosja@iwuvuz.ne,13/4/1989
Gavin,Daniels,tak@kuwpipci.mg,8/8/1971
Francis,Stevens,zup@kopah.me,4/4/1991
Belle,Bishop,duog@da.ve,19/4/1972
Adelaide,Torres,jodowlow@resfaud.cy,4/5/1990
Bertie,Page,mezes@wizraflot.my,14/4/1967
Ernest,Collier,ve@gi.yt,10/1/1989
Lou,Curtis,huvgucupa@lignike.bs,12/12/2000
Carl,Dixon,sewbumav@poz.sz,16/3/1983
Alberta,Wong,biwpihimi@go.me,18/4/1986
Lela,Palmer,su@roktigje.id,2/6/1962
Louisa,Horton,diuta@tuz.eh,16/5/1961
Teresa,Colon,vob@jeg.kw,20/12/1990
Nora,Frank,bof@uvi.au,26/3/1979
Ricardo,Colon,tagisbi@eho.kr,23/8/1981
Randy,Jones,cire@zumdavku.sr,23/5/1973
Theodore,Keller,iz@worinize.gp,13/5/2001
Christopher,Tate,ka@orpapzon.kg,15/2/1981
Elva,Williamson,wo@ovusa.jo,9/5/1988
Cameron,Aguilar,jusag@wur.rw,23/6/1958
Dollie,Harper,awuke@as.ht,25/10/1970
Mamie,Morton,wa@na.cd,7/12/1967
Samuel,Tate,lu@ebupetvo.gi,31/5/1956
Joseph,Cross,izfo@delum.cr,15/10/1994
Andrew,McKinney,hutujji@copad.sl,14/6/1980
Russell,Hamilton,zowij@led.jo,7/2/1991
Ernest,Garrett,togop@jop.bw,24/9/1978
Edna,Cross,pugzurluv@vok.cf,27/6/2002
Sophie,Thornton,amuge@ushiccuv.sm,14/7/1987
Jack,Robertson,ozi@gica.mx,10/3/1970
Donald,Burgess,adeci@nivano.io,16/4/1994
Abbie,Ingram,fikze@peahofe.gg,17/1/1956
Brian,Singleton,ilomem@cor.pw,18/5/1984
Chris,Norton,be@piuzaj.hr,24/9/1967
Allen,Bennett,ugero@ej.lk,20/4/1989
Theresa,Castro,bak@ti.pa,13/5/1962
Jeanette,Goodwin,dopa@ket.np,20/11/1971
Lewis,Houston,ki@roje.mw,30/6/1961
Hallie,Holmes,mema@bekfi.sd,21/9/1979
Roxie,Hopkins,sovat@vevu.sn,2/2/1996
Esther,Hampton,gotwaka@kuz.sm,14/12/1978
Gavin,Little,bohzovig@tolputzek.ec,23/12/1961
Carl,Nunez,epobo@let.hn,4/6/1985
Chase,Gibbs,foh@kusuute.rs,12/7/1979
Walter,Schmidt,pasmit@ta.mx,11/2/1979
Elva,Chapman,koz@urad.fm,10/2/1980
Della,Dunn,cuvtunub@hupa.sm,1/1/1994
Antonio,Simmons,bub@narutivog.iq,31/5/1970
Lizzie,Cooper,tar@ufetov.an,4/5/2003
Sean,Crawford,zimof@ibopeog.al,2/11/2002
Emily,Martin,coc@nakusupu.ml,22/11/1971
Christopher,Pratt,gi@fefbolhuh.hk,12/5/1972
Leona,Aguilar,ofaika@oheeb.dz,26/1/1985
Irene,Chavez,emolud@loh.hr,22/10/1965
Manuel,Hudson,tisdezowa@zus.dj,28/8/1993
Floyd,Mack,ocidade@jitvidde.gm,25/8/1971
Jacob,Riley,odfu@polhem.au,23/8/2002
Zachary,Santiago,ba@bibdufuc.jo,8/3/1963
Cecilia,Fitzgerald,ridgeb@bu.kn,28/5/1972
Rhoda,Adams,dolawno@ivadel.kg,17/2/1991
Bertha,Alexander,momwawor@alo.org,28/8/1957
Millie,Green,odali@baceweko.tn,4/11/1997
Lena,Harper,kuwbula@ralojez.ve,4/7/1967
Calvin,Briggs,jacnusuko@cuw.mr,25/2/1966
Ida,Duncan,vajac@ohe.il,14/9/1981
Alexander,Sullivan,ibohu@fo.mr,25/7/2000
Ola,Jones,reup@numer.io,28/3/1998
Chad,Guerrero,esjevti@se.tv,2/8/1975
Nina,Armstrong,kizu@kop.pa,20/6/1974
Lulu,Johnston,ca@luhicwuw.in,24/4/1998
Jimmy,Chapman,moduscon@amifuk.va,13/9/2000
Virgie,Holmes,jokore@hikbaloj.eh,26/11/1976
Sarah,Sherman,fefiz@dordicat.mp,15/2/1965
Eunice,Carlson,ev@zeveem.ve,1/4/1970
Eric,Schultz,messe@sob.tv,16/8/1973
Cora,Drake,ozuulito@ew.jm,24/8/1995
Dean,Woods,nubzu@jactenubu.gh,30/5/1982
Bobby,Brewer,cal@oj.hm,23/11/1960
Ola,Mann,mof@er.gu,25/6/1960
Luke,Hunter,wopakvo@nedlubmoj.ly,12/10/1971
Marc,Alvarez,tipam@gib.au,8/3/1994
Bryan,Burgess,wenakgen@detaziju.gov,7/6/1961
Theresa,Collins,le@topteip.tm,27/12/1975
Ethel,West,izjekco@ilihho.dz,26/9/1970
Lucinda,Massey,ifiici@faf.vc,24/2/1973
Matthew,Cruz,nubcu@lugug.mh,23/5/1962
Francis,Carter,ewzusosa@wo.iq,14/6/1981
Helena,Pittman,tuwik@folretal.ar,2/3/1978
Ricardo,Hodges,kesidfa@coeh.nr,8/7/1987
Brent,Aguilar,ewevojepo@nar.qa,16/11/1999
Calvin,Sutton,wamigi@jame.com,15/1/1969
Eva,Butler,nem@nuwlujaw.je,26/4/1981
Alan,Huff,ocateg@mim.ph,8/1/1995
Kenneth,Cross,pispuklav@ebohewbi.org,17/10/1997
Sean,French,ri@bome.ro,18/7/1960
Ann,McKenzie,oc@ozerilep.gi,30/10/1984
Mildred,Doyle,gole@zacmuf.mp,19/12/1988
Clifford,Fitzgerald,kavektod@go.ge,22/9/1973
Charles,Sanchez,jemlu@suklu.nc,10/8/1990
Randall,Woods,ijec@wa.re,8/1/1966
Lenora,Tran,bu@joej.rw,2/7/2001
Rosie,Rhodes,tihoni@ulelefwiw.pw,9/1/1963
Joel,Pena,pukpogu@huifukok.mh,21/5/1978
Mamie,Ward,vilgup@setzu.hm,29/5/1973
Cory,Ortiz,lubjav@fehal.br,27/8/1982
Michael,Gonzalez,jiazo@duwmagbem.ml,30/4/1994
Isabelle,Martinez,got@naog.io,9/1/1960
Ethan,Williamson,me@goosaudu.gn,6/9/1997
Duane,Craig,orbikvew@tububapu.au,16/7/2002
Connor,Moody,jewrenwa@ju.us,13/3/1971
Jesus,Snyder,hukpe@avruc.pl,3/3/1964
Sylvia,Porter,zefguz@zidivaf.mv,1/4/1973
Tony,Hart,wamtu@abe.km,31/5/1965
Georgia,Morgan,hiajguf@risriva.sl,15/5/1972
Isabelle,Griffith,ep@abealmoj.tm,23/12/1983
Bertie,Walsh,zevwiboj@gozaksic.mx,12/4/1971
Max,Chambers,zecelokav@nusiwub.ly,9/8/1996
Kenneth,Perez,wez@rawep.bt,29/10/1978
Brandon,Ballard,wuegwop@waf.dj,8/4/1983
Richard,Patterson,edetze@ja.tp,25/3/1958
Ethel,Barnes,taok@dupatrig.ke,31/3/2001
Austin,Fitzgerald,uku@wewimat.kr,17/7/1967
Marion,Neal,gu@nupawkaj.sg,9/10/1988
Phoebe,Ramsey,efe@onzejmem.dz,2/6/1967
Mittie,James,pifmal@kajac.tm,13/3/1989
Lilly,Walker,zijisur@izoku.is,29/7/1962
Nancy,Horton,deflozcit@buk.ge,12/12/2001
Jerry,Cole,repubo@fucem.jp,8/10/1965
Hunter,Sandoval,cugawab@desdampes.net,2/10/1967
Ina,Crawford,og@iriva.ad,28/4/1968
Alejandro,Grant,biev@ka.tt,7/9/1968
Hattie,Daniels,tez@fidpez.bw,28/11/1993
Christian,Tran,weag@ogde.gi,3/12/1967
Gregory,Perez,suodriz@pa.py,5/10/1977
Gary,Jacobs,mew@beh.mp,10/7/1965
Lula,Cross,moibu@locone.cl,27/7/1990
Christopher,Carter,downazeha@ukvaoke.tf,29/12/1983
Cody,Holloway,bur@pigad.at,19/12/1959
Elmer,Turner,foobi@obta.ms,18/11/1985
Tillie,Weaver,ugu@fimbe.hn,20/6/1983
Sam,Murphy,kof@taoski.cz,24/12/1963
Mae,Schwartz,ivsu@ded.nz,11/1/1964
Lela,Jordan,ino@por.gy,31/5/1980
Clifford,Walton,giupuibe@luure.sd,16/11/1995
Jordan,Cross,ni@iwuakason.net,4/4/1973
Sue,Walton,razviwmic@vehobir.uk,31/8/2001
Seth,Greene,ef@duav.gf,24/5/2003
Philip,Bridges,lisnu@avozu.om,25/7/1976
Francisco,Zimmerman,zumseriki@be.af,28/11/2002
Wayne,Sanders,gej@owupof.ba,28/1/1968
Alex,Schultz,kajze@re.cx,2/2/1967
Sue,Stewart,bazpik@ciolo.pa,6/10/1977
Micheal,Goodman,uwevog@kobge.zw,13/12/1982
Lydia,Burton,dewom@fepku.us,13/2/1962
Charlotte,Benson,oncez@ecofuwa.tg,3/6/1961
May,Swanson,jorruso@uz.zm,11/9/1999
Lula,Wong,itojiscu@is.af,10/1/1994
Tom,Valdez,jihulim@saszecmud.sr,21/8/1957
Catherine,Andrews,deemugoh@voer.tk,31/12/1965
Evelyn,Christensen,ohwacjom@veh.ba,5/8/1984
Lucas,Hayes,bikivuv@we.fo,25/3/1985
Clyde,Carlson,eppej@jajfo.gd,20/1/1957
Todd,Johnson,uw@hiwavwe.sa,5/2/1965
Sean,Higgins,kutibana@dudif.tk,16/10/1999
Steve,Watson,nut@ra.kr,17/6/1968
Martha,Gordon,jadeb@ledazu.je,9/5/1986
Arthur,Underwood,jibpaje@dakazrat.af,20/9/1975
Hester,Scott,go@vosih.mc,15/5/1960
Lily,Abbott,dipzebhub@suuca.gi,31/1/1976
Jean,Dunn,agakogko@bup.aq,3/2/1961
James,Cooper,abzep@dohokra.tn,27/8/1988
Ricardo,Robbins,atize@foniefu.mk,15/3/1997
Jose,Berry,kahzauhu@ko.dz,31/8/1960
Jeff,Hart,ivla@viitosut.ro,13/10/2001
Tom,Newman,wa@if.om,7/6/1967
Eleanor,Holloway,huhrihfez@zifecfok.il,31/3/1957
Barbara,Pittman,kubatuz@eheg.tm,23/2/1978
Anthony,Miller,beiraom@sedamcog.tg,29/3/1972
Roy,Lucas,reur@lamfo.dz,24/5/1973
Jean,Jones,eti@fo.mx,19/9/1998
Flora,Vargas,abopa@bi.us,18/4/1985
Kate,Beck,hozewet@gupafra.gr,12/5/1976
Edwin,Herrera,ug@pom.cz,17/8/1989
Fred,Cross,gat@libifkut.er,6/10/1983
Sophie,Pierce,virdufgop@homudu.su,19/1/1968
Nannie,Lucas,kekhe@keaj.ck,25/10/2003
Lura,McKinney,zoppaf@iba.mx,26/7/1961
Rachel,Moody,dihewju@fiki.lc,9/11/1973
Rosalie,Sherman,ilohup@kiek.sy,22/10/1971
Jeff,Richardson,awopiduce@jo.jm,23/9/1988
Hallie,Swanson,jep@esa.bw,23/5/1995
David,Joseph,negeg@ofmo.pg,13/8/1984
Jesus,Graves,de@vevmu.gu,7/3/1996
Rena,Lindsey,jupte@pop.re,24/6/1977
Kate,Reyes,fusvansi@ge.cl,22/9/1972
Jessie,Phillips,konoh@vutwem.kh,13/5/1992
Jesus,Morris,turhifci@fazodahe.hk,25/7/1982
Daniel,Lamb,ecawew@paobe.no,24/11/1995
Adeline,Mullins,huwita@leldula.gm,12/11/1986
Jesus,Sherman,duhap@zamod.tk,1/2/1986
Herbert,Schwartz,ciznu@ze.lc,6/8/1980
Jack,Holloway,tub@gumus.sy,23/11/1981
Mollie,Atkins,dojusaite@ecivok.gq,16/10/2000
Virginia,Hopkins,ar@jifjodo.ps,4/11/1967
Etta,Nichols,zaj@nugjakriw.tt,27/1/1996
Ophelia,Pope,batju@libaper.md,13/11/1962
Christopher,Long,gefazaf@jud.bd,24/6/1957
Hettie,McKinney,kimdog@la.aq,21/9/1987
Earl,Hunt,inaj@povhihoj.is,3/8/1991
Theodore,Hawkins,tefibi@ic.nc,20/6/1958
Edgar,Hardy,uhe@so.tz,25/6/1996
Chester,Carroll,cab@tuugzef.hm,6/3/1961
Gilbert,Douglas,isnav@modgupse.km,11/1/2002
Louisa,Castro,mu@panmaugo.va,31/12/1963
Darrell,Christensen,hubu@kohfov.bm,17/10/2000
Blake,Reese,pu@detzic.ph,8/10/1989
Violet,Walker,zigra@ikolag.mh,23/5/1958
Jeffrey,Diaz,at@tewujo.jo,17/6/1963
Lenora,Brooks,tagasud@ho.je,5/1/1968
Dorothy,Pope,vozwammu@ij.cu,17/4/1974
Sallie,Ryan,ugivik@weeme.na,3/5/1969
Jimmy,Crawford,juw@kijduf.vn,10/3/1992
Bernard,Hicks,jubicu@vabar.mv,2/12/1986
Mabelle,Lynch,cemagic@rapod.am,14/12/1979
Edna,Carlson,tacfaubi@ekimi.gd,29/9/1989
Augusta,Davidson,bog@pu.aw,8/10/1995
Sam,Adkins,nebup@topub.ps,6/12/1997
Teresa,Mills,satu@wum.eg,11/6/1974
Louisa,Maxwell,lirni@eva.ht,16/5/1961
Steve,Jackson,eredu@kek.tk,25/9/1996
Ola,Snyder,ges@zulmom.kw,16/8/1971
Owen,Greene,jajrolca@ge.es,16/6/1981
Rena,Patterson,liisotun@daktoz.mw,29/7/1996
Brandon,Powers,ih@tut.rs,24/2/1988
Gary,Harvey,ufetomud@wa.sh,26/11/1968
Sallie,Lamb,jullugze@bahpof.co,21/5/1956
Aaron,Rice,ifura@lilcevani.tc,21/3/2003
Louis,Phillips,ve@dohpa.ly,8/10/1976
Dylan,Collins,faczicur@vol.hk,16/3/1977
Norman,Reid,ibuker@itden.bi,31/7/1975
David,Barnett,vahidi@subnol.ky,12/8/1958
Christopher,Strickland,batepigu@cocitim.co.uk,14/8/1967
Rena,Smith,lafepa@do.sg,4/6/1968
Douglas,Little,ew@lipu.kp,23/9/1991
Helena,Simon,evahav@tallowe.af,1/1/1989
Daniel,Hall,muite@porifcud.bv,18/5/1977
Cecilia,Hicks,suwik@cadiltet.ie,14/11/1991
Jeanette,Sims,wevfosed@sahi.org,7/9/2002
Lena,Frank,pugozi@pevcit.fi,23/5/1991
Benjamin,Lee,ram@fod.uy,26/11/1967
Ethel,Pearson,ra@rakkigo.tk,5/9/1998
Evan,Phillips,nu@fis.tn,5/9/1975
Ricardo,Rodgers,kenbo@zutias.es,8/9/1996
Julian,Wood,ewze@fir.az,22/5/1983
Manuel,Rodriquez,wi@bi.tr,28/5/1990
Dora,Carter,ziga@ircisawe.ci,24/2/1956
Billy,Stokes,casdam@dejos.org,19/1/1970
Emily,Watson,guzvef@viz.dz,28/9/1960
Annie,Vaughn,uz@zakir.nr,17/6/1959
Jennie,Cortez,impasu@bocejsa.bb,25/6/1982
Julian,Bell,bikfu@el.gn,19/8/1958
Andre,Reynolds,mu@sinosim.ao,18/9/1989
Jesus,French,jadvi@do.nr,8/5/1961
Adam,Waters,ulacilzuc@kuhu.cl,18/9/1988
Shawn,Ingram,tumiju@ucbe.sz,15/3/1995
Jessie,Castro,jejebda@funahak.gi,1/1/1972
Hunter,Obrien,kesindu@hajarwi.tv,20/10/1989
Roy,Fields,hinu@molfu.cy,4/11/1959
Glen,Barber,mo@za.af,26/5/1959
Ophelia,Sanchez,punadlu@neiju.mg,9/5/1992
Alexander,Gomez,migove@sucalako.gp,16/8/1985
Lucille,Nelson,ce@jig.ke,5/5/1987
Matilda,Sullivan,piewves@to.ec,15/4/1958
Anne,Freeman,edbosih@ma.gg,22/5/1962
Jeremy,Yates,diro@fiwkawtuj.pg,28/8/1958
Tillie,Thompson,jirivac@leziw.hr,24/11/2002
John,Rivera,bi@ra.mu,5/12/1978
Amelia,Mann,aguvu@fuzi.la,20/7/1962
Della,Patterson,lel@dem.cv,11/1/1969
Arthur,Myers,koerfa@wopej.tk,9/2/1988
Edward,McGee,nupunwor@uvoato.lt,8/7/1991
Francis,Montgomery,boucki@zukog.org,10/8/1985
Mario,Robertson,wonew@jivajje.sn,25/11/1988
Lina,Ford,cahi@howom.wf,16/10/1956
Franklin,Townsend,jeujek@ze.al,2/4/1976
Della,Briggs,luin@nufmetko.ci,11/7/1999
Jesus,Lee,lazsi@lis.nu,9/1/1972
Georgia,Drake,dipoho@olpu.et,2/8/1958
Ollie,Klein,oce@oc.aw,18/5/1964
Darrell,Vasquez,jaeh@ba.me,5/2/1993
Betty,Sanders,vedako@cajopzef.ng,15/8/1973
Brian,Payne,tisasbiv@gagaf.pf,10/6/1956
Randall,Newton,nibe@kolwokni.dm,15/7/1987
Edith,Horton,guil@gawirtu.sg,21/3/1996
Gene,Todd,zevtiduk@lok.cv,16/11/1981
Nell,Terry,botohere@coot.se,13/1/1970
Mitchell,Curtis,zer@vaep.mx,7/6/1996
Todd,Rose,jilbe@egopuvot.by,16/11/1968
Paul,Tucker,wuaheru@orihu.sn,17/6/1980
Christopher,Pena,vo@ragcusku.nu,15/5/1988
Winnie,Holland,lebew@ilfak.pf,5/3/1986
Cornelia,Davidson,puccum@abkuswab.tg,20/11/1959
Edna,Garner,pazvu@jo.ki,7/10/1998
Marc,Little,pib@pa.sk,10/4/1965
Walter,Rios,hawul@vifi.ni,14/3/1962
Hannah,Rodriguez,pel@imiwu.gov,20/1/1994
Francis,Wolfe,roije@orjejaj.kn,11/11/1959
Nannie,Hubbard,hosarcan@fibfandi.ph,1/3/1958
Rosetta,Salazar,co@liw.td,4/7/1967
Bess,Bailey,riw@si.lb,12/5/1977
Lee,Crawford,no@asanovo.dz,27/5/1962
Travis,Rice,tad@niwhik.na,28/7/1999
Ryan,Haynes,busjogfa@hoszi.ni,28/7/1966
Della,Tyler,pum@daf.bn,28/6/1960
Stella,Alexander,win@gukezwun.as,27/4/1956
Marian,Byrd,nuj@vumwulluz.sl,29/12/1990
Elsie,Burns,en@ge.mz,30/9/1980
Josephine,Rowe,tokpo@kahelibag.tt,5/3/1975
Amy,Tucker,gor@peltusuw.mh,15/9/1965
Gilbert,Clark,sooduduh@sodupa.ni,5/2/1970
Vincent,Clark,doj@losar.cc,14/11/1983
Olive,Barker,kizhimpik@woun.nz,24/8/1959
Rebecca,Myers,cewite@mirom.co.uk,31/12/1982
Micheal,Hudson,ida@dike.bg,16/7/1999
Phillip,Haynes,edmueti@na.st,14/1/1987
Edwin,Hughes,imeimu@otdikge.mq,26/3/1969
Ernest,French,anijafo@ves.ec,2/10/1992
Addie,Gutierrez,wezez@zevur.lr,17/3/1972
Amelia,Stewart,fo@rodvapmo.sd,16/1/1989
Sadie,Joseph,vuzwa@edhelal.am,5/10/1956
Jimmy,Rodriguez,huze@ikton.nr,30/6/1966
Gerald,Graves,ahi@locud.tj,5/12/2001
Gene,Hernandez,dec@suv.ag,4/4/1964
Amelia,Fuller,tegjij@ikru.lk,20/8/1965
Nelle,Olson,nuk@kavo.bb,15/1/1963
Alejandro,Parks,fa@le.kg,12/7/1968
Barry,Lindsey,gen@leh.kz,21/1/1964
Clayton,Colon,al@pafici.cr,20/5/2000
Amanda,Wilkerson,rorobuj@an.su,12/3/1989
Ernest,Carr,pac@oki.cd,14/1/2003
Teresa,Higgins,lobke@cojil.ch,25/7/1978
Gerald,Howard,wagbok@na.tt,16/7/1959
Jorge,Green,mero@zeuvi.sk,28/7/1961
Vera,Lopez,ufeppo@dojipi.uy,12/3/1976
Adelaide,Porter,ovnidi@pu.vc,24/7/1957
Theresa,Norris,vupgoc@nolu.np,19/11/1992
Frances,Jones,mijfubim@faj.gy,27/6/1981
Edgar,Frank,wuircor@debzepam.ni,28/8/1966
Stella,Pratt,alduna@rar.se,30/9/1982
Lida,Adkins,hasankuh@zilheb.tl,7/2/1988
Eddie,Atkins,rek@ikcuzdo.bh,28/10/1983
Margaret,Haynes,tojas@epsi.gi,26/7/1982
Cecilia,Moreno,hap@ipekihdek.tk,23/2/1990
Herman,Stevens,vupjazfub@devejri.ph,17/3/1998
Cynthia,Barnett,kulnom@lisbole.au,1/8/1966
Maria,Santos,kelep@fufdofa.ag,8/6/2001
Robert,Marsh,itemurdo@soeme.ro,4/6/1994
Charlie,Atkins,cakibjuh@ted.mx,12/4/2002
Lawrence,Wilson,be@gadujdo.kh,15/1/1975
Jimmy,Wilson,jisurlo@evato.nf,25/8/1991
Estella,Webster,noridiem@soseb.hm,29/7/1957
Henry,Barnett,ko@fewvo.vc,14/3/1962
Carrie,Cummings,tumfo@sewon.to,17/1/1963
Rose,Rhodes,ed@daeva.ye,11/5/1976
Lee,Sutton,ojapabep@janfu.bo,28/3/2001
Cecilia,Sullivan,tap@ce.ve,14/12/1964
Don,Montgomery,bej@nu.tk,23/1/1992
Erik,Douglas,asziv@niz.mw,29/5/1992
Larry,Huff,inu@gappul.gy,28/12/1970
Effie,Lane,rum@deca.zw,10/7/1980
Julia,Mack,benuj@hufwemme.ke,3/10/1987
Bill,Anderson,faga@ke.bm,20/4/1975
Hattie,Green,rig@togid.ci,25/9/2002
Daniel,Stevens,mujocoze@jo.org,7/12/1995
Gilbert,Nunez,eswi@toma.mh,7/5/1959
Harold,Moran,otdadvav@imofubom.mq,3/7/1974
Rosie,Norman,vas@laluguvip.pk,5/11/1993
Kathryn,Jenkins,donap@os.ms,2/12/1961
Clayton,White,doedji@rovor.ec,25/6/1965
Sarah,Alexander,cocupaozu@fa.vc,2/4/1962
Harvey,Vaughn,jajavek@so.np,4/9/1964
Bernard,Newman,safi@uszohen.jp,30/5/1981
Katherine,Lewis,azkap@kawne.tf,11/5/1996
Jerome,Simon,guuj@woinu.lk,15/7/1960
Ralph,Hale,zu@nug.jo,26/5/1984
Isaac,Adkins,toz@avagoccuz.fj,31/12/1957
Floyd,Zimmerman,biz@ponho.uy,29/8/1987
Owen,Munoz,dup@wivbegeg.cv,5/4/1984
Agnes,Watts,jelkesuk@pe.mx,31/7/1991
Edwin,Holt,wi@ek.va,31/1/1971
Rachel,Mullins,in@uhi.fm,16/10/1988
Jean,Sherman,ibearubu@po.gn,1/9/1986
Ada,Pratt,miccew@womo.vn,15/9/1964
Cecilia,Harvey,fu@mova.bb,8/1/1969
Donald,Bryant,ho@degiifu.ga,6/2/1964
Cole,Jones,sih@biraco.gu,15/11/1979
Floyd,Mullins,empi@disawev.sz,30/12/1998
Todd,Brewer,amwardu@uhihjo.mr,5/6/1979
Brian,Patrick,nuz@apubew.hk,13/1/1977
Iva,Matthews,hagun@wovpi.ht,31/1/1983
Douglas,Horton,zac@vo.rw,20/11/1976
Della,Sutton,moasuar@fu.be,22/6/1982
Harvey,Romero,hu@gun.nr,4/7/2003
Glenn,Bailey,fucgizep@telba.fo,14/12/1979
Katharine,Rios,kuhhoma@muz.iq,19/9/1982
Elva,Jimenez,oz@rohwakegu.be,20/9/1960
Jeremy,Guzman,go@tasnofdu.an,4/2/1973
Susan,Schwartz,efkoj@doifo.ls,21/2/1990
Warren,Robbins,ap@uhje.ie,1/1/1979
Robert,McCoy,wohet@covviceli.et,24/5/1975
Mattie,Martinez,wik@umufemig.im,23/1/1997
Julian,Harrington,cufi@ton.in,20/9/1963
Jorge,Burke,nopo@raduosa.mk,26/7/1960
Howard,Hughes,ce@ocofarah.ba,18/2/1992
Abbie,Herrera,or@zu.eu,25/6/1996
Fanny,Gibson,saemecoj@ve.cx,17/6/1984
Gussie,Medina,wo@feriwemo.gs,24/3/1972
Floyd,Ball,povekom@acaavin.au,12/6/1965
Shane,Hudson,pipolo@ziclodwed.pt,11/7/1977
Martha,Gross,zetopra@hiisup.bw,20/12/1994
Hilda,McCormick,wat@wethewub.ye,22/5/1978
Virginia,Gibson,row@zej.pa,24/6/1997
Chris,Cohen,fik@dib.pe,13/4/1991
Lillie,Powell,uhe@rog.fo,19/1/2003
Cody,Waters,guzu@ne.ky,31/7/1988
Robert,Murphy,imlovfap@fepmeho.gb,5/3/1973
Bertie,Salazar,vud@zemwesosu.dm,17/8/1988
Caleb,Patrick,ru@viibmo.gf,30/8/1974
Genevieve,Walker,hid@pufizuru.ca,7/7/1975
Edith,Holland,gebih@jo.me,13/10/1986
Jeremy,Collier,em@enawicuna.je,13/2/1971
Catherine,Shelton,voiceepi@vinni.za,26/12/1993
Lizzie,Barnett,tis@leru.vn,7/9/2001
Jeffrey,Klein,jibag@jeij.th,13/9/1995
Dylan,Schneider,igemojuhi@uhiososen.bv,24/5/1971
Jean,Cook,na@wufesowe.mm,26/12/1994
Matilda,Page,tageut@zuna.ws,18/4/1998
Gerald,Craig,fuuluogu@hujpo.vg,28/1/1999
Lizzie,Lewis,nubuvro@ris.id,28/8/1957
Luella,Jefferson,bacodlow@wip.ni,3/1/1978
Jeanette,Perkins,uvofe@ner.gm,29/4/1998
Nathan,Phillips,decozolu@raslum.ac,20/11/1988
Clayton,Wilkins,su@tikcej.me,21/8/1959
Randall,Clark,jumnarap@ino.gr,22/7/1985
Chester,Rodriguez,gehacepo@kujo.om,14/8/1978
Nancy,Tran,oduanaliw@ifobe.np,9/6/1965
Lena,Carpenter,fo@ekihu.so,13/4/1956
Marie,Hopkins,zas@robomjim.it,3/7/1972
Hilda,Soto,papkipeb@hac.my,28/1/1992
Ola,West,ufevahe@nip.mz,23/11/1980
Rosa,Byrd,suno@zourpi.tr,6/6/1960
Louis,Garner,sapoj@ecog.re,21/4/1956
Lottie,Lloyd,anihen@keposoapo.dj,12/1/1997
Cecelia,Carr,unti@ziap.va,15/7/1984
Harriet,Black,tu@nojuta.ky,5/2/1986
Tony,Reyes,fovur@wi.ph,7/3/1995
Troy,Griffith,onebup@up.ss,21/7/1994
Dora,Powers,utcegat@fegihce.si,31/10/1975
Cordelia,Caldwell,ce@ho.et,4/8/2003
Mina,Conner,pi@comdi.sl,29/5/1997
Mina,Harper,nuw@nidikho.ph,15/9/1971
Lida,Hughes,itvibal@ges.ci,20/3/1998
Derek,Floyd,uwu@pawruj.my,6/7/1989
Devin,Sharp,zur@vivbu.gq,19/7/1998
Victoria,Frazier,geh@bu.zw,22/1/1989
Callie,West,iz@zuabav.lb,30/8/1961
Devin,Norton,voketu@ihive.bd,7/5/1993
Ophelia,Swanson,sog@wukjasis.er,17/11/1979
Donald,Waters,obu@co.so,29/6/1982
Eugenia,Cummings,wocum@cil.mu,10/12/1997
Chester,Lewis,gub@wo.mn,24/7/1982
Lucinda,Bowman,roh@weklar.sc,1/10/1997
Marian,McCoy,refu@ipnewu.pg,25/6/1960
Addie,Salazar,ka@ha.st,23/8/1962
Winnie,Knight,izouca@leemki.kz,25/10/1996
Inez,Lindsey,kifzaluz@karkiik.sd,23/8/1981
Maud,Allison,lu@fatafvi.tp,27/5/1999
Owen,Hanson,upcolof@wofitu.md,20/12/1996
Sophia,Walton,naj@iso.gh,25/11/1957
Violet,Sutton,rif@bajnel.hu,27/8/1995
Julian,Herrera,ji@nihma.com,17/6/1968
Louisa,Zimmerman,tebvuv@ca.lk,14/5/1983
Dominic,Potter,tekawu@fo.lb,4/6/1979
Josephine,Ford,hewlok@wu.mx,2/3/1968
Hilda,Allison,selozri@me.aw,24/3/1989
Chad,McGuire,orjijij@summe.so,11/8/1967
Oscar,Saunders,uhiiruhow@ze.kh,9/2/2003
Loretta,Hall,penmopal@obahu.vc,3/6/1979
Anne,Henry,mukeslo@vebfe.mt,22/9/1982
Brent,Newman,bef@eganigju.an,15/8/2002
Harriet,Buchanan,diola@hathe.ls,30/5/1956
Lida,Wheeler,suksedan@pectumfat.pw,24/1/2001
Adele,Rowe,tomromo@hu.sn,3/10/1993
Georgia,Jones,wem@peta.re,20/9/1976
Maggie,Matthews,mom@vapi.la,30/6/1961
Nellie,Miles,tuz@kuminbit.bn,7/4/1988
Bruce,Hoffman,epeud@ce.nz,20/6/1977
Eliza,Rios,si@wobaw.ir,16/8/1996
Tony,Coleman,wu@lauj.tp,12/1/1980
Vincent,Martinez,jok@tenivmek.ye,2/10/1965
Leon,Gibbs,asaipu@nekehuug.ru,4/8/1996
Joseph,Moss,jeze@agti.bh,19/3/1999
Raymond,Day,do@buksele.li,27/2/1997
Estella,Moody,cos@vuku.gs,10/3/1963
Gordon,Norris,osakofut@cagnujuh.ye,16/5/1959
Clara,McCoy,pe@cob.gn,12/8/1977
Ola,Torres,fes@fa.dz,19/4/1985
Cynthia,Farmer,oc@ceju.bn,31/8/1961
Maude,Myers,jazduule@wazov.tf,30/4/1996
Etta,Brown,ujuiz@awipugi.pr,1/7/1976
Luella,Boyd,pur@co.vc,17/5/1976
Carrie,Greene,veehfil@ap.mr,6/10/1958
Victoria,Evans,enbemi@islo.nr,27/5/1967
Richard,Curry,bevetek@wakih.nu,15/7/1973
Jay,Nunez,meimi@asujugar.sc,11/10/2003
Lula,Miller,utovav@manuli.pg,22/6/1987
Matthew,Wright,vubaz@renoj.by,1/3/1956
Darrell,Bishop,huldukro@juhivi.pr,3/11/1985
Barbara,Schmidt,onfuroke@rato.gs,1/6/1985
Raymond,Frazier,gasbephe@tojfenbi.sr,4/7/1993
Maggie,Gonzalez,gojoce@luv.gq,23/1/1970
Harriett,Long,tilo@usvo.ht,9/7/1966
Jeremy,Manning,weh@himhu.co.uk,24/11/1986
Ernest,Terry,po@kumte.vg,21/10/1975
Shawn,Hart,gukuvhih@dakcaf.bb,25/4/1992
Alejandro,Swanson,be@ujdoc.tz,9/8/1978
Johanna,Nash,begvelko@niisse.az,31/7/1991
Eleanor,Guzman,emi@an.dz,1/10/1984
Leo,Saunders,muwjisgu@mahno.fk,27/10/1990
Rachel,Price,ba@owoban.gr,22/4/1962
Aaron,Christensen,ugjer@ka.za,22/12/1959
George,Henry,zutih@zigvophu.ye,30/1/1958
Nina,Ramos,da@top.gt,15/8/1973
Jacob,Nelson,caabijez@wazfej.td,23/6/1984
Frank,Hopkins,hu@rog.er,4/2/1982
Tillie,Newton,nudazus@je.at,26/7/1962
Belle,Rios,nos@ramocom.kz,22/12/1960
Howard,Lane,icdu@hawap.mn,16/2/1978
Clyde,Hogan,daler@koki.sv,19/2/1980
Nathan,Parsons,bun@du.ng,22/4/1970
Kevin,Logan,waha@gabo.jo,31/10/1958
Albert,Cortez,fi@reduz.st,15/12/1992
Katie,Chambers,re@feczideto.ba,8/10/1996
Charlotte,Briggs,jarne@dewa.nl,18/3/1969
Pauline,Peters,fi@unuvi.ga,31/7/1998
Anthony,Wilkins,owoban@cobokog.ht,4/8/1971
Terry,Santiago,iteebu@raawocak.mn,1/10/1984
Mario,Erickson,ehbam@ewcalak.hm,5/8/1975
Grace,Hughes,teb@wid.gu,2/11/1998
Clarence,Larson,tetagi@sa.tj,13/5/1995
May,Ramos,ro@doci.kw,8/5/1959
Cordelia,Doyle,ahmok@cermoku.lv,30/3/2003
Ophelia,McKenzie,fago@ako.ls,30/1/1997
Dora,Brown,laf@gakdefzo.kg,21/2/1977
Tom,Sharp,usok@pegbi.fm,31/8/1966
Ethel,Doyle,gudimofud@ameko.kh,21/12/2003
Mabel,Houston,rebjepzoz@zi.jm,15/3/1988
Brandon,Malone,hicimi@rizajnag.eh,23/4/1986
Jackson,Sanders,azanaaf@jujda.gn,18/4/1971
Edward,Harris,tav@niali.tw,2/2/1996
Arthur,Steele,wuvepo@epuje.pf,13/9/1990
Louis,Lyons,podkikic@folu.uy,11/12/1972
Abbie,McGee,toce@ced.br,7/7/1961
Jared,Sanders,rofcijdom@sud.yt,4/1/1992
Shawn,Schmidt,pucikij@obabael.bo,23/1/1971
Russell,Lopez,ta@zahgum.gy,12/6/1980
Elijah,Pittman,gam@pomehce.tc,22/6/1996
Francis,Porter,pongitaf@cuninsi.my,21/7/1992
Willie,Newman,peiheara@iwwoplu.gs,7/11/2002
Adelaide,Flores,anov@ik.tj,9/7/1985
Frederick,Robinson,reju@ozimedwo.ss,20/7/1958
Leroy,Mitchell,vumof@zi.gw,1/9/1956
Raymond,Harrington,jefgumuj@ge.pm,6/8/1972
Jay,McBride,nek@avza.dm,17/1/1983
